"position","const","created","modified","description","Title","Title type","Directors","You rated","IMDb Rating","Runtime (mins)","Year","Genres","Num. Votes","Release Date (month/day/year)","URL"
"1","tt0114798","Fri Aug 15 00:00:00 2014","","","Unstrung Heroes","Feature Film","Diane Keaton","9","6.7","93","1995","comedy, drama","2447","1995-09-09","http://www.imdb.com/title/tt0114798/"
"2","tt1843866","Sat Aug  9 00:00:00 2014","","","Captain America: The Winter Soldier","Feature Film","Anthony Russo, Joe Russo","7","7.9","136","2014","action, adventure, sci_fi","249281","2014-03-13","http://www.imdb.com/title/tt1843866/"
"3","tt0367027","Fri Jul 18 00:00:00 2014","","","Shortbus","Feature Film","John Cameron Mitchell","7","6.6","101","2006","comedy, drama, romance","24434","2006-05-20","http://www.imdb.com/title/tt0367027/"
"4","tt1798709","Sun Apr  6 00:00:00 2014","","","Her","Feature Film","Spike Jonze","8","8.1","126","2013","drama, romance, sci_fi","209333","2013-10-12","http://www.imdb.com/title/tt1798709/"
"5","tt0067549","Thu Jan 23 00:00:00 2014","","","The Panic in Needle Park","Feature Film","Jerry Schatzberg","8","7.1","110","1971","crime, drama, romance","9366","1971-05","http://www.imdb.com/title/tt0067549/"
"6","tt0100491","Sat Jan 18 00:00:00 2014","","","Riff-Raff","Feature Film","Ken Loach","9","7.1","95","1991","comedy, drama","2516","1991-06-21","http://www.imdb.com/title/tt0100491/"
"7","tt0459102","Wed Nov 20 00:00:00 2013","","","Import/Export","Feature Film","Ulrich Seidl","7","7.1","141","2007","drama","3601","2007-05-21","http://www.imdb.com/title/tt0459102/"
"8","tt0290661","Wed Nov 20 00:00:00 2013","","","Dog Days","Feature Film","Ulrich Seidl","7","7.0","121","2001","drama","4331","2001-09-03","http://www.imdb.com/title/tt0290661/"
"9","tt2364975","Sun Oct  6 00:00:00 2013","","","We Are the Best!","Feature Film","Lukas Moodysson","9","7.2","102","2013","drama","2661","2013-08-31","http://www.imdb.com/title/tt2364975/"
"10","tt0430576","Wed Sep 11 00:00:00 2013","","","The Secret Life of Words","Feature Film","Isabel Coixet","10","7.6","115","2005","drama, romance","9154","2005-09-01","http://www.imdb.com/title/tt0430576/"
"11","tt2263058","Fri Aug 30 00:00:00 2013","","","More Than Honey","Documentary","Markus Imhoof","7","7.5","95","2012","documentary","2142","2012-08-11","http://www.imdb.com/title/tt2263058/"
"12","tt1017460","Fri Aug 30 00:00:00 2013","","","Splice","Feature Film","Vincenzo Natali","7","5.8","104","2009","horror, sci_fi","70851","2009-10-06","http://www.imdb.com/title/tt1017460/"
"13","tt1334260","Tue Aug 27 00:00:00 2013","","","Never Let Me Go","Feature Film","Mark Romanek","10","7.2","103","2010","drama, romance, sci_fi","88676","2010-09-03","http://www.imdb.com/title/tt1334260/"
"14","tt0081505","Sat Aug 17 00:00:00 2013","","","The Shining","Feature Film","Stanley Kubrick","7","8.5","144","1980","horror","453500","1980-05-23","http://www.imdb.com/title/tt0081505/"
"15","tt2969050","Fri Aug 16 00:00:00 2013","","","Dampfnudelblues","Feature Film","Ed Herzog","8","6.9","90","2013","comedy, crime","497","2013-06-29","http://www.imdb.com/title/tt2969050/"
"16","tt0055256","Sun Jul  7 00:00:00 2013","","","One, Two, Three","Feature Film","Billy Wilder","8","8.0","115","1961","comedy","12591","1961-12-15","http://www.imdb.com/title/tt0055256/"
"17","tt0242527","Fri Jul  5 00:00:00 2013","","","The Hole","Feature Film","Nick Hamm","7","6.2","102","2001","drama, horror, mystery, thriller","36025","2001-04-20","http://www.imdb.com/title/tt0242527/"
"18","tt0162346","Fri Jul  5 00:00:00 2013","","","Ghost World","Feature Film","Terry Zwigoff","9","7.5","111","2001","comedy, drama","84974","2001-06-16","http://www.imdb.com/title/tt0162346/"
"19","tt1822304","Sat Jun  1 00:00:00 2013","","","Sleeping Sickness","Feature Film","Ulrich Köhler","8","6.3","91","2011","drama","492","2011-02","http://www.imdb.com/title/tt1822304/"
"20","tt1225296","Sun May 26 00:00:00 2013","","","Service","Feature Film","Brillante Ma. Mendoza","7","6.3","90","2008","drama","981","2008-05-18","http://www.imdb.com/title/tt1225296/"
"21","tt0775529","Sun May  5 00:00:00 2013","","","The Savages","Feature Film","Tamara Jenkins","8","7.2","114","2007","comedy, drama","29817","2007-01-19","http://www.imdb.com/title/tt0775529/"
"22","tt2349854","Fri Apr 26 00:00:00 2013","","","Cinéma Inch'Allah!","Documentary","Vincent Coen, Guillaume Vandenberghe","8","7.1","72","2012","documentary, biography","42","2012-09-11","http://www.imdb.com/title/tt2349854/"
"23","tt2062969","Thu Apr 25 00:00:00 2013","","","Sister","Feature Film","Ursula Meier","7","7.1","97","2012","crime, drama","3395","2012-02-13","http://www.imdb.com/title/tt2062969/"
"24","tt1560747","Thu Mar 14 00:00:00 2013","","","The Master","Feature Film","Paul Thomas Anderson","6","7.1","144","2012","drama","78018","2012-09-01","http://www.imdb.com/title/tt1560747/"
"25","tt0468489","Thu Mar 14 00:00:00 2013","","","Half Nelson","Feature Film","Ryan Fleck","7","7.3","106","2006","drama","62629","2006-01-23","http://www.imdb.com/title/tt0468489/"
"26","tt0918927","Tue Mar 12 00:00:00 2013","","","Doubt","Feature Film","John Patrick Shanley","8","7.5","104","2008","drama, mystery","85868","2008-10-30","http://www.imdb.com/title/tt0918927/"
"27","tt0203230","Wed Feb 27 00:00:00 2013","","","You Can Count on Me","Feature Film","Kenneth Lonergan","10","7.7","111","2000","drama","19901","2000-01-21","http://www.imdb.com/title/tt0203230/"
"28","tt1707386","Fri Feb 22 00:00:00 2013","","","Les Misérables","Feature Film","Tom Hooper","7","7.7","158","2012","drama, musical, romance","194431","2012-12-05","http://www.imdb.com/title/tt1707386/"
"29","tt0399095","Wed Feb 13 00:00:00 2013","","","Trade","Feature Film","Marco Kreuzpaintner","6","7.5","120","2007","crime, drama, thriller","13470","2007-01-23","http://www.imdb.com/title/tt0399095/"
"30","tt1345836","Wed Feb 13 00:00:00 2013","","","The Dark Knight Rises","Feature Film","Christopher Nolan","7","8.6","165","2012","action, adventure","833446","2012-07-16","http://www.imdb.com/title/tt1345836/"
"31","tt0245574","Wed Feb 13 00:00:00 2013","","","And Your Mama Too","Feature Film","Alfonso Cuarón","7","7.7","106","2001","drama","79787","2001-06-08","http://www.imdb.com/title/tt0245574/"
"32","tt0253474","Tue Feb 12 00:00:00 2013","","","The Pianist","Feature Film","Roman Polanski","8","8.5","150","2002","biography, drama, war","361986","2002-05-24","http://www.imdb.com/title/tt0253474/"
"33","tt0333766","Tue Feb 12 00:00:00 2013","","","Garden State","Feature Film","Zach Braff","8","7.6","102","2004","comedy, drama, romance","172091","2004-01-16","http://www.imdb.com/title/tt0333766/"
"34","tt0171804","Fri Feb  1 00:00:00 2013","","","Boys Don't Cry","Feature Film","Kimberly Peirce","7","7.6","118","1999","biography, drama","67258","1999-09-02","http://www.imdb.com/title/tt0171804/"
"35","tt0468569","Sun Jan 27 00:00:00 2013","","","The Dark Knight","Feature Film","Christopher Nolan","8","9.0","152","2008","action, adventure","1248420","2008-07-14","http://www.imdb.com/title/tt0468569/"
"36","tt0110912","Sat Jan 19 00:00:00 2013","","","Pulp Fiction","Feature Film","Quentin Tarantino","7","9.0","154","1994","crime, drama, thriller","988861","1994-05-12","http://www.imdb.com/title/tt0110912/"
"37","tt1954701","Mon Jan 14 00:00:00 2013","","","A Coffee in Berlin","Feature Film","Jan Ole Gerster","8","7.5","83","2012","drama","5931","2012-07-03","http://www.imdb.com/title/tt1954701/"
"38","tt0347048","Sun Jan 13 00:00:00 2013","","","Head-On","Feature Film","Fatih Akin","8","8.0","121","2004","drama, romance","35932","2004-02-12","http://www.imdb.com/title/tt0347048/"
"39","tt1659337","Sun Jan 13 00:00:00 2013","","","The Perks of Being a Wallflower","Feature Film","Stephen Chbosky","8","8.1","102","2012","drama, romance","261347","2012-09-08","http://www.imdb.com/title/tt1659337/"
"40","tt1206488","Sun Jan  6 00:00:00 2013","","","The Milk of Sorrow","Feature Film","Claudia Llosa","7","6.7","95","2009","drama, music","4849","2009-02-12","http://www.imdb.com/title/tt1206488/"
"41","tt1371111","Sun Dec 16 00:00:00 2012","","","Cloud Atlas","Feature Film","Tom Tykwer, Andy Wachowski","7","7.6","172","2012","drama, sci_fi","234014","2012-09-08","http://www.imdb.com/title/tt1371111/"
"42","tt0370986","Tue Nov 27 00:00:00 2012","","","Mysterious Skin","Feature Film","Gregg Araki","9","7.7","105","2004","drama","49908","2004-09-03","http://www.imdb.com/title/tt0370986/"
"43","tt0237993","Fri Nov 23 00:00:00 2012","","","101 Reykjavík","Feature Film","Baltasar Kormákur","8","6.9","88","2000","comedy, romance","7461","2000-06-01","http://www.imdb.com/title/tt0237993/"
"44","tt0482901","Tue Nov 13 00:00:00 2012","","","The Pope's Toilet","Feature Film","César Charlone, Enrique Fernández","7","7.3","90","2007","drama","1995","2007-05-21","http://www.imdb.com/title/tt0482901/"
"45","tt0367089","Sun Nov 11 00:00:00 2012","","","The Squid and the Whale","Feature Film","Noah Baumbach","8","7.4","81","2005","comedy, drama","53633","2005-01","http://www.imdb.com/title/tt0367089/"
"46","tt0114369","Sun Nov 11 00:00:00 2012","","","Se7en","Feature Film","David Fincher","7","8.7","127","1995","drama, mystery, thriller","752544","1995-09-22","http://www.imdb.com/title/tt0114369/"
"47","tt0427944","Sun Nov 11 00:00:00 2012","","","Thank You for Smoking","Feature Film","Jason Reitman","5","7.6","92","2005","comedy, drama","176512","2005-09-09","http://www.imdb.com/title/tt0427944/"
"48","tt0291905","Fri Nov  9 00:00:00 2012","","","Do Fish Do It?","Feature Film","Almut Getto","7","7.0","104","2002","drama","1022","2002-01-25","http://www.imdb.com/title/tt0291905/"
"49","tt0066921","Fri Nov  9 00:00:00 2012","","","A Clockwork Orange","Feature Film","Stanley Kubrick","8","8.4","136","1971","crime, drama, sci_fi","417649","1971-12-19","http://www.imdb.com/title/tt0066921/"
"50","tt1130884","Wed Nov  7 00:00:00 2012","","","Shutter Island","Feature Film","Martin Scorsese","8","8.1","138","2010","mystery, thriller","548512","2010-02-13","http://www.imdb.com/title/tt1130884/"
"51","tt0485947","Wed Nov  7 00:00:00 2012","","","Mr. Nobody","Feature Film","Jaco Van Dormael","6","7.9","141","2009","drama, fantasy, romance, sci_fi","95881","2009-09-12","http://www.imdb.com/title/tt0485947/"
"52","tt0424136","Wed Nov  7 00:00:00 2012","","","Hard Candy","Feature Film","David Slade","5","7.2","104","2005","crime, drama, thriller","115296","2005-01","http://www.imdb.com/title/tt0424136/"
"53","tt1125849","Sun Oct 28 00:00:00 2012","","","The Wrestler","Feature Film","Darren Aronofsky","8","7.9","109","2008","drama, sport","227049","2008-09-05","http://www.imdb.com/title/tt1125849/"
"54","tt0456396","Fri Oct 26 00:00:00 2012","","","L'enfant","Feature Film","Jean-Pierre Dardenne, Luc Dardenne","8","7.4","95","2005","crime, drama, romance","12136","2005-05-17","http://www.imdb.com/title/tt0456396/"
"55","tt0361862","Wed Sep 26 00:00:00 2012","","","The Machinist","Feature Film","Brad Anderson","7","7.8","101","2004","drama, thriller","229458","2004-01-18","http://www.imdb.com/title/tt0361862/"
"56","tt0077651","Wed Sep 26 00:00:00 2012","","","Halloween","Feature Film","John Carpenter","6","7.9","91","1978","horror","128484","1978-10-25","http://www.imdb.com/title/tt0077651/"
"57","tt1859650","Sat Sep  1 00:00:00 2012","","","To Rome with Love","Feature Film","Woody Allen","7","6.3","112","2012","comedy, romance","53602","2012-04-20","http://www.imdb.com/title/tt1859650/"
"58","tt0175880","Sat Jul 21 00:00:00 2012","","","Magnolia","Feature Film","Paul Thomas Anderson","10","8.0","188","1999","drama","212179","1999-12-08","http://www.imdb.com/title/tt0175880/"
"59","tt0107653","Fri Jul 20 00:00:00 2012","","","Naked","Feature Film","Mike Leigh","8","7.9","131","1993","drama","19016","1993-08-06","http://www.imdb.com/title/tt0107653/"
"60","tt0117589","Fri Jul 20 00:00:00 2012","","","Secrets & Lies","Feature Film","Mike Leigh","7","8.0","142","1996","drama","24173","1996-05-24","http://www.imdb.com/title/tt0117589/"
"61","tt0386342","Fri Jul 20 00:00:00 2012","","","Brothers","Feature Film","Susanne Bier","8","7.6","117","2004","drama, war","8393","2004-08-27","http://www.imdb.com/title/tt0386342/"
"62","tt0780504","Fri Jul 20 00:00:00 2012","","","Drive","Feature Film","Nicolas Winding Refn","5","7.8","100","2011","crime, drama","355967","2011-05-20","http://www.imdb.com/title/tt0780504/"
"63","tt1832382","Fri Jul 20 00:00:00 2012","","","A Separation","Feature Film","Asghar Farhadi","7","8.5","123","2011","drama","115393","2011-02-15","http://www.imdb.com/title/tt1832382/"
"64","tt1683526","Fri Jul 20 00:00:00 2012","","","Detachment","Feature Film","Tony Kaye","7","7.7","98","2011","drama","42511","2011-04-25","http://www.imdb.com/title/tt1683526/"
"65","tt0095159","Fri Jul 20 00:00:00 2012","","","A Fish Called Wanda","Feature Film","Charles Crichton","6","7.6","108","1988","comedy, crime","96438","1988-07-07","http://www.imdb.com/title/tt0095159/"
"66","tt0279064","Fri Jul  6 00:00:00 2012","","","Elling","Feature Film","Petter Næss","8","7.6","89","2001","comedy, drama","10946","2001-03-16","http://www.imdb.com/title/tt0279064/"
"67","tt0323872","Fri Jul  6 00:00:00 2012","","","Kitchen Stories","Feature Film","Bent Hamer","6","7.4","95","2003","comedy, drama","6384","2003-01-15","http://www.imdb.com/title/tt0323872/"
"68","tt1602472","Wed Jul  4 00:00:00 2012","","","2 Days in New York","Feature Film","Julie Delpy","8","6.0","96","2012","comedy, drama, romance","10081","2012-01-23","http://www.imdb.com/title/tt1602472/"
"69","tt0415978","Sun Jun  3 00:00:00 2012","","","Me and You and Everyone We Know","Feature Film","Miranda July","8","7.4","91","2005","comedy, drama","28666","2005-01","http://www.imdb.com/title/tt0415978/"
"70","tt0929425","Sun May 20 00:00:00 2012","","","Gomorrah","Feature Film","Matteo Garrone","6","7.0","137","2008","crime, drama","33506","2008-05-16","http://www.imdb.com/title/tt0929425/"
"71","tt1127715","Sun May 20 00:00:00 2012","","","Sin Nombre","Feature Film","Cary Jôji Fukunaga","9","7.6","96","2009","adventure, crime, drama, thriller","20326","2009-01-18","http://www.imdb.com/title/tt1127715/"
"72","tt0108122","Sun May 20 00:00:00 2012","","","Short Cuts","Feature Film","Robert Altman","6","7.7","187","1993","comedy, drama","31231","1993-09-05","http://www.imdb.com/title/tt0108122/"
"73","tt1185616","Sun May 20 00:00:00 2012","","","Waltz with Bashir","Documentary","Ari Folman","8","8.0","90","2008","documentary, animation, biography, drama, war","39588","2008-05-15","http://www.imdb.com/title/tt1185616/"
"74","tt0371257","Sun May 20 00:00:00 2012","","","Stay","Feature Film","Marc Forster","9","6.9","99","2005","drama, mystery, thriller","52259","2005-09-24","http://www.imdb.com/title/tt0371257/"
"75","tt1139797","Sun May 20 00:00:00 2012","","","Let the Right One In","Feature Film","Tomas Alfredson","9","8.0","115","2008","drama, horror","150583","2008-01-26","http://www.imdb.com/title/tt1139797/"
"76","tt1068646","Wed May 16 00:00:00 2012","","","The Class","Feature Film","Laurent Cantet","6","7.5","128","2008","drama","25910","2008-05-24","http://www.imdb.com/title/tt1068646/"
"77","tt0445620","Wed May 16 00:00:00 2012","","","Paradise Now","Feature Film","Hany Abu-Assad","7","7.5","90","2005","crime, drama, thriller, war","17359","2005-02-14","http://www.imdb.com/title/tt0445620/"
"78","tt1440292","Sun May 13 00:00:00 2012","","","Submarine","Feature Film","Richard Ayoade","8","7.3","97","2010","comedy, drama, romance","50278","2010-09-12","http://www.imdb.com/title/tt1440292/"
"79","tt1655442","Sun Mar 11 00:00:00 2012","","","The Artist","Feature Film","Michel Hazanavicius","6","8.0","100","2011","comedy, drama, romance","156817","2011-05-15","http://www.imdb.com/title/tt1655442/"
"80","tt1318514","Thu Mar  1 00:00:00 2012","","","Rise of the Planet of the Apes","Feature Film","Rupert Wyatt","7","7.6","105","2011","action, drama, sci_fi, thriller","316858","2011-08-03","http://www.imdb.com/title/tt1318514/"
"81","tt0130827","Wed Feb  8 00:00:00 2012","","","Run Lola Run","Feature Film","Tom Tykwer","9","7.8","81","1998","action, crime, sci_fi, thriller","144370","1998-08-20","http://www.imdb.com/title/tt0130827/"
"82","tt0283509","Mon Dec 26 00:00:00 2011","","","No Man's Land","Feature Film","Danis Tanovic","8","8.0","98","2001","drama, war","34164","2001-05-12","http://www.imdb.com/title/tt0283509/"
"83","tt0247586","Mon Dec 26 00:00:00 2011","","","Nine Queens","Feature Film","Fabian Bielinsky","6","7.9","114","2000","crime, drama, thriller","29859","2000-08-31","http://www.imdb.com/title/tt0247586/"
"84","tt0300140","Mon Dec 26 00:00:00 2011","","","Lilya 4-Ever","Feature Film","Lukas Moodysson","10","7.9","109","2002","crime, drama","31087","2002-08-23","http://www.imdb.com/title/tt0300140/"
"85","tt0313670","Mon Dec 26 00:00:00 2011","","","Sweet Sixteen","Feature Film","Ken Loach","8","7.5","106","2002","crime, drama","9252","2002-05-21","http://www.imdb.com/title/tt0313670/"
"86","tt0257360","Mon Dec 26 00:00:00 2011","","","About Schmidt","Feature Film","Alexander Payne","7","7.2","125","2002","comedy, drama","96855","2002-05-22","http://www.imdb.com/title/tt0257360/"
"87","tt0237572","Mon Dec 26 00:00:00 2011","","","The Pledge","Feature Film","Sean Penn","5","6.8","124","2001","crime, drama, mystery, thriller","37642","2001-01-09","http://www.imdb.com/title/tt0237572/"
"88","tt0145487","Mon Dec 26 00:00:00 2011","","","Spider-Man","Feature Film","Sam Raimi","8","7.3","121","2002","action, adventure","424487","2002-04-30","http://www.imdb.com/title/tt0145487/"
"89","tt0126029","Mon Dec 26 00:00:00 2011","","","Shrek","Feature Film","Andrew Adamson, Vicky Jenson","7","7.9","90","2001","animation, adventure, comedy, family, fantasy","363534","2001-04-22","http://www.imdb.com/title/tt0126029/"
"90","tt0265666","Mon Dec 26 00:00:00 2011","","","The Royal Tenenbaums","Feature Film","Wes Anderson","6","7.6","110","2001","comedy, drama","172354","2001-10-05","http://www.imdb.com/title/tt0265666/"
"91","tt0259711","Mon Dec 26 00:00:00 2011","","","Vanilla Sky","Feature Film","Cameron Crowe","9","6.9","136","2001","fantasy, mystery, romance, sci_fi, thriller","178412","2001-12-10","http://www.imdb.com/title/tt0259711/"
"92","tt1242545","Sat Dec 24 00:00:00 2011","","","Looking for Eric","Feature Film","Ken Loach","8","7.2","116","2009","comedy, drama, fantasy, sport","11350","2009-05-18","http://www.imdb.com/title/tt1242545/"
"93","tt0838221","Sun Dec 18 00:00:00 2011","","","The Darjeeling Limited","Feature Film","Wes Anderson","8","7.2","91","2007","adventure, comedy, drama","109519","2007-08","http://www.imdb.com/title/tt0838221/"
"94","tt0118954","Sun Nov 27 00:00:00 2011","","","Deconstructing Harry","Feature Film","Woody Allen","8","7.4","96","1997","comedy, drama, fantasy, romance","30671","1997-08-26","http://www.imdb.com/title/tt0118954/"
"95","tt0120601","Sun Nov 27 00:00:00 2011","","","Being John Malkovich","Feature Film","Spike Jonze","8","7.8","112","1999","comedy, drama","218095","1999-09-02","http://www.imdb.com/title/tt0120601/"
"96","tt0102536","Sat Nov 26 00:00:00 2011","","","Night on Earth","Feature Film","Jim Jarmusch","8","7.8","129","1991","comedy, drama","32972","1991-10-04","http://www.imdb.com/title/tt0102536/"
"97","tt1375666","Sun Nov 13 00:00:00 2011","","","Inception","Feature Film","Christopher Nolan","6","8.8","148","2010","action, mystery, sci_fi, thriller","1036012","2010-07-08","http://www.imdb.com/title/tt1375666/"
"98","tt1431181","Sat Nov 12 00:00:00 2011","","","Another Year","Feature Film","Mike Leigh","7","7.3","129","2010","comedy, drama","20583","2010-05-15","http://www.imdb.com/title/tt1431181/"
"99","tt1022603","Sat Nov 12 00:00:00 2011","","","(500) Days of Summer","Feature Film","Marc Webb","7","7.8","95","2009","comedy, drama, romance","297355","2009-01-17","http://www.imdb.com/title/tt1022603/"
"100","tt0913425","Tue Nov  8 00:00:00 2011","","","Broken Embraces","Feature Film","Pedro Almodóvar","5","7.2","127","2009","drama, romance, thriller","26565","2009-03-17","http://www.imdb.com/title/tt0913425/"
"101","tt0093058","Tue Nov  8 00:00:00 2011","","","Full Metal Jacket","Feature Film","Stanley Kubrick","7","8.4","116","1987","drama, war","362418","1987-06-17","http://www.imdb.com/title/tt0093058/"
"102","tt0209144","Tue Nov  8 00:00:00 2011","","","Memento","Feature Film","Christopher Nolan","9","8.5","113","2000","mystery, thriller","649860","2000-09-05","http://www.imdb.com/title/tt0209144/"
"103","tt0367594","Tue Nov  8 00:00:00 2011","","","Charlie and the Chocolate Factory","Feature Film","Tim Burton","7","6.7","115","2005","adventure, comedy, family, fantasy","249642","2005-07-10","http://www.imdb.com/title/tt0367594/"
"104","tt0117509","Tue Nov  8 00:00:00 2011","","","Romeo + Juliet","Feature Film","Baz Luhrmann","7","6.9","120","1996","drama, romance","137943","1996-11-01","http://www.imdb.com/title/tt0117509/"
"105","tt0467406","Tue Nov  8 00:00:00 2011","","","Juno","Feature Film","Jason Reitman","8","7.6","96","2007","comedy, drama, romance","342465","2007-09-01","http://www.imdb.com/title/tt0467406/"
"106","tt0319061","Tue Nov  8 00:00:00 2011","","","Big Fish","Feature Film","Tim Burton","6","8.0","125","2003","adventure, drama, fantasy","308334","2003-12-10","http://www.imdb.com/title/tt0319061/"
"107","tt0388795","Tue Nov  8 00:00:00 2011","","","Brokeback Mountain","Feature Film","Ang Lee","7","7.7","134","2005","drama, romance","221173","2005-09-02","http://www.imdb.com/title/tt0388795/"
"108","tt0166924","Tue Nov  8 00:00:00 2011","","","Mulholland Dr.","Feature Film","David Lynch","8","8.0","147","2001","drama, mystery, thriller","196681","2001-05-16","http://www.imdb.com/title/tt0166924/"
"109","tt0449059","Tue Nov  8 00:00:00 2011","","","Little Miss Sunshine","Feature Film","Jonathan Dayton, Valerie Faris","9","7.9","101","2006","adventure, comedy, drama","291920","2006-01-20","http://www.imdb.com/title/tt0449059/"
"110","tt1120985","Tue Nov  8 00:00:00 2011","","","Blue Valentine","Feature Film","Derek Cianfrance","8","7.4","112","2010","drama, romance","116549","2010-01-24","http://www.imdb.com/title/tt1120985/"
"111","tt0887883","Tue Nov  8 00:00:00 2011","","","Burn After Reading","Feature Film","Ethan Coen, Joel Coen","5","7.0","96","2008","comedy, crime, drama","207964","2008-08-27","http://www.imdb.com/title/tt0887883/"
"112","tt1405810","Sun Oct 23 00:00:00 2011","","","Loose Cannons","Feature Film","Ferzan Ozpetek","8","7.2","110","2010","comedy, drama, romance","6886","2010-02-13","http://www.imdb.com/title/tt1405810/"
"113","tt1047007","Sun Oct 23 00:00:00 2011","","","Young@Heart","Documentary","Stephen Walker, Sally George","8","7.9","107","2007","documentary, music","3415","2007-07","http://www.imdb.com/title/tt1047007/"
"114","tt0429052","Sun Oct 23 00:00:00 2011","","","Saint-Jacques... La Mecque","Feature Film","Coline Serreau","7","6.5","110","2005","comedy, drama","904","2005-10-03","http://www.imdb.com/title/tt0429052/"
"115","tt1319569","Sun Oct 23 00:00:00 2011","","","Home","Feature Film","Ursula Meier","6","6.9","98","2008","drama","2642","2008-05-18","http://www.imdb.com/title/tt1319569/"
"116","tt1189073","Sun Oct 23 00:00:00 2011","","","The Skin I Live In","Feature Film","Pedro Almodóvar","9","7.6","120","2011","drama, horror, thriller","82427","2011-05-19","http://www.imdb.com/title/tt1189073/"
"117","tt0805613","Sun Oct 23 00:00:00 2011","","","Shoppen","Feature Film","Ralf Westhoff","8","7.2","91","2006","comedy, drama, romance","1126","2006-10-25","http://www.imdb.com/title/tt0805613/"
"118","tt0898266","Sun Oct  9 00:00:00 2011","","","The Big Bang Theory","TV Series","","8","8.6","22","2007","comedy","385745","2007-09-24","http://www.imdb.com/title/tt0898266/"
"119","tt0425321","Fri Oct  7 00:00:00 2011","","","The Yacoubian Building","Feature Film","Marwan Hamed","7","7.6","161","2006","drama","3317","2006-02-11","http://www.imdb.com/title/tt0425321/"
"120","tt0810868","Fri Sep 30 00:00:00 2011","","","Free Rainer","Feature Film","Hans Weingartner","7","6.7","130","2007","drama","3292","2007-09-11","http://www.imdb.com/title/tt0810868/"
"121","tt0408777","Fri Sep 30 00:00:00 2011","","","The Edukators","Feature Film","Hans Weingartner","8","7.6","127","2004","action, comedy, crime, drama, romance","23650","2004-05-17","http://www.imdb.com/title/tt0408777/"
"122","tt1244668","Fri Sep 30 00:00:00 2011","","","Soul Kitchen","Feature Film","Fatih Akin","6","7.3","99","2009","comedy, drama","24427","2009-09-10","http://www.imdb.com/title/tt1244668/"
"123","tt0426578","Fri Sep 30 00:00:00 2011","","","Sophie Scholl: The Final Days","Feature Film","Marc Rothemund","7","7.7","120","2005","biography, crime, drama, history, thriller, war","19642","2005-02-13","http://www.imdb.com/title/tt0426578/"
"124","tt0301357","Fri Sep 30 00:00:00 2011","","","Good Bye Lenin!","Feature Film","Wolfgang Becker","8","7.8","121","2003","comedy, drama, romance","98327","2003-02-09","http://www.imdb.com/title/tt0301357/"
"125","tt1045670","Fri Sep 30 00:00:00 2011","","","Happy-Go-Lucky","Feature Film","Mike Leigh","10","7.0","118","2008","comedy, drama","28542","2008-02-12","http://www.imdb.com/title/tt1045670/"
"126","tt0322545","Fri Sep 30 00:00:00 2011","","","Herr Lehmann","Feature Film","Leander Haußmann","8","7.3","105","2003","comedy, drama","4446","2003-10-02","http://www.imdb.com/title/tt0322545/"
"127","tt0180093","Fri Sep 30 00:00:00 2011","","","Requiem for a Dream","Feature Film","Darren Aronofsky","10","8.4","102","2000","drama","444635","2000-05-14","http://www.imdb.com/title/tt0180093/"
"128","tt0118715","Fri Sep 30 00:00:00 2011","","","The Big Lebowski","Feature Film","Joel Coen","7","8.2","117","1998","comedy, crime","409620","1998-02-15","http://www.imdb.com/title/tt0118715/"
"129","tt0032138","Fri Sep 30 00:00:00 2011","","","The Wizard of Oz","Feature Film","Victor Fleming","5","8.1","102","1939","adventure, family, fantasy, musical","225444","1939-08-12","http://www.imdb.com/title/tt0032138/"
"130","tt0405094","Fri Sep 30 00:00:00 2011","","","The Lives of Others","Feature Film","Florian Henckel von Donnersmarck","9","8.5","137","2006","drama, thriller","200918","2006-03-15","http://www.imdb.com/title/tt0405094/"
"131","tt0363163","Fri Sep 30 00:00:00 2011","","","Downfall","Feature Film","Oliver Hirschbiegel","8","8.3","156","2004","biography, drama, history, war","197734","2004-09-08","http://www.imdb.com/title/tt0363163/"
"132","tt0276617","Fri Sep 30 00:00:00 2011","","","The White Sound","Feature Film","Hans Weingartner, Toby Amann","7","7.2","109","2001","drama","2276","2001-01","http://www.imdb.com/title/tt0276617/"
"133","tt0416320","Fri Sep 30 00:00:00 2011","","","Match Point","Feature Film","Woody Allen","8","7.7","124","2005","drama, romance","135526","2005-05-12","http://www.imdb.com/title/tt0416320/"
"134","tt0425210","Fri Sep 30 00:00:00 2011","","","Lucky Number Slevin","Feature Film","Paul McGuigan","7","7.8","110","2006","crime, drama, mystery, thriller","228810","2006-02-24","http://www.imdb.com/title/tt0425210/"
"135","tt0120586","Thu Sep 29 00:00:00 2011","","","American History X","Feature Film","Tony Kaye","9","8.6","119","1998","crime, drama","597272","1998-10-30","http://www.imdb.com/title/tt0120586/"
"136","tt0050986","Tue Sep 27 00:00:00 2011","","","Wild Strawberries","Feature Film","Ingmar Bergman","8","8.3","91","1957","drama","49074","1957-12-26","http://www.imdb.com/title/tt0050986/"
"137","tt0120737","Tue Sep 27 00:00:00 2011","","","The Lord of the Rings: The Fellowship of the Ring","Feature Film","Peter Jackson","6","8.8","178","2001","action, adventure, fantasy","941393","2001-12-10","http://www.imdb.com/title/tt0120737/"
"138","tt0102926","Tue Sep 27 00:00:00 2011","","","The Silence of the Lambs","Feature Film","Jonathan Demme","8","8.6","118","1991","crime, drama, thriller","639998","1991-01-30","http://www.imdb.com/title/tt0102926/"
"139","tt0499549","Tue Sep 27 00:00:00 2011","","","Avatar","Feature Film","James Cameron","3","7.9","162","2009","action, adventure, fantasy, sci_fi","700848","2009-12-10","http://www.imdb.com/title/tt0499549/"
"140","tt0076759","Tue Sep 27 00:00:00 2011","","","Star Wars","Feature Film","George Lucas","6","8.7","121","1977","action, adventure, fantasy, sci_fi","676025","1977-05-25","http://www.imdb.com/title/tt0076759/"
"141","tt0116282","Tue Sep 27 00:00:00 2011","","","Fargo","Feature Film","Joel Coen","8","8.2","98","1996","crime, drama, thriller","340712","1996-03-08","http://www.imdb.com/title/tt0116282/"
"142","tt0317705","Tue Sep 27 00:00:00 2011","","","The Incredibles","Feature Film","Brad Bird","8","8.0","115","2004","animation, action, adventure, family","361044","2004-10-27","http://www.imdb.com/title/tt0317705/"
"143","tt0167260","Tue Sep 27 00:00:00 2011","","","The Lord of the Rings: The Return of the King","Feature Film","Peter Jackson","6","8.9","201","2003","action, adventure, fantasy","915112","2003-12-01","http://www.imdb.com/title/tt0167260/"
"144","tt0117951","Tue Sep 27 00:00:00 2011","","","Trainspotting","Feature Film","Danny Boyle","10","8.2","94","1996","drama","369977","1996-02-23","http://www.imdb.com/title/tt0117951/"
"145","tt0054215","Tue Sep 27 00:00:00 2011","","","Psycho","Feature Film","Alfred Hitchcock","8","8.6","109","1960","horror, mystery, thriller","321155","1960-06-16","http://www.imdb.com/title/tt0054215/"
"146","tt0212985","Tue Sep 27 00:00:00 2011","","","Hannibal","Feature Film","Ridley Scott","7","6.7","131","2001","crime, drama, thriller","179741","2001-02-09","http://www.imdb.com/title/tt0212985/"
"147","tt0364569","Tue Sep 27 00:00:00 2011","","","Oldboy","Feature Film","Chan-wook Park","7","8.4","120","2003","drama, mystery, thriller","267657","2003-11-21","http://www.imdb.com/title/tt0364569/"
"148","tt0167261","Tue Sep 27 00:00:00 2011","","","The Lord of the Rings: The Two Towers","Feature Film","Peter Jackson","6","8.8","179","2002","action, adventure, fantasy","823713","2002-12-05","http://www.imdb.com/title/tt0167261/"
"149","tt0080684","Tue Sep 27 00:00:00 2011","","","Star Wars: Episode V - The Empire Strikes Back","Feature Film","Irvin Kershner","6","8.8","124","1980","action, adventure, fantasy, sci_fi","606066","1980-05-17","http://www.imdb.com/title/tt0080684/"
"150","tt1136608","Tue Sep 27 00:00:00 2011","","","District 9","Feature Film","Neill Blomkamp","7","8.0","112","2009","action, sci_fi, thriller","439990","2009-08-13","http://www.imdb.com/title/tt1136608/"
"151","tt0057012","Tue Sep 27 00:00:00 2011","","","Dr. Strangelove or: How I Learned to Stop Worrying and Love the Bomb","Feature Film","Stanley Kubrick","9","8.5","95","1964","comedy, war","278665","1964-01-29","http://www.imdb.com/title/tt0057012/"
"152","tt0114746","Tue Sep 27 00:00:00 2011","","","Twelve Monkeys","Feature Film","Terry Gilliam","7","8.1","129","1995","mystery, sci_fi, thriller","365723","1995-12-27","http://www.imdb.com/title/tt0114746/"
"153","tt0440963","Tue Sep 27 00:00:00 2011","","","The Bourne Ultimatum","Feature Film","Paul Greengrass","6","8.1","115","2007","action, crime, thriller","376296","2007-07-25","http://www.imdb.com/title/tt0440963/"
"154","tt0063522","Tue Sep 27 00:00:00 2011","","","Rosemary's Baby","Feature Film","Roman Polanski","8","8.0","136","1968","drama, horror, mystery","117270","1968-06-12","http://www.imdb.com/title/tt0063522/"
"155","tt0052357","Tue Sep 27 00:00:00 2011","","","Vertigo","Feature Film","Alfred Hitchcock","8","8.4","128","1958","mystery, romance, thriller","190037","1958-05-09","http://www.imdb.com/title/tt0052357/"
"156","tt0056172","Tue Sep 27 00:00:00 2011","","","Lawrence of Arabia","Feature Film","David Lean","6","8.4","216","1962","adventure, biography, drama, history, war","150337","1962-12-10","http://www.imdb.com/title/tt0056172/"
"157","tt0070735","Tue Sep 27 00:00:00 2011","","","The Sting","Feature Film","George Roy Hill","6","8.4","129","1973","comedy, crime, drama","136800","1973-12-25","http://www.imdb.com/title/tt0070735/"
"158","tt0395169","Tue Sep 27 00:00:00 2011","","","Hotel Rwanda","Feature Film","Terry George","8","8.2","121","2004","drama, history, war","209070","2004-09-11","http://www.imdb.com/title/tt0395169/"
"159","tt0032553","Tue Sep 27 00:00:00 2011","","","The Great Dictator","Feature Film","Charles Chaplin","9","8.5","125","1940","comedy, drama, war","97757","1940-10-15","http://www.imdb.com/title/tt0032553/"
"160","tt0050976","Tue Sep 27 00:00:00 2011","","","The Seventh Seal","Feature Film","Ingmar Bergman","8","8.3","96","1957","drama, fantasy","86918","1957-02-16","http://www.imdb.com/title/tt0050976/"
"161","tt0041959","Tue Sep 27 00:00:00 2011","","","The Third Man","Feature Film","Carol Reed","7","8.4","104","1949","film_noir, mystery, thriller","91182","1949-08-31","http://www.imdb.com/title/tt0041959/"
"162","tt0021749","Tue Sep 27 00:00:00 2011","","","City Lights","Feature Film","Charles Chaplin","8","8.6","87","1931","comedy, drama, romance","77511","1931-01-30","http://www.imdb.com/title/tt0021749/"
"163","tt1605783","Sun Sep 18 00:00:00 2011","","","Midnight in Paris","Feature Film","Woody Allen","6","7.7","94","2011","comedy, romance","242738","2011-05-11","http://www.imdb.com/title/tt1605783/"
"164","tt0114906","Sat Sep 17 00:00:00 2011","","","Welcome to the Dollhouse","Feature Film","Todd Solondz","8","7.5","88","1995","comedy, drama","23404","1995-09-10","http://www.imdb.com/title/tt0114906/"
"165","tt1587707","Sat Sep 17 00:00:00 2011","","","Exit Through the Gift Shop","Documentary","Banksy","9","8.1","87","2010","documentary, comedy","39503","2010-01-24","http://www.imdb.com/title/tt1587707/"
"166","tt0060390","Sat Sep 17 00:00:00 2011","","","Fahrenheit 451","Feature Film","François Truffaut","8","7.2","112","1966","drama, sci_fi, thriller","28411","1966-09-06","http://www.imdb.com/title/tt0060390/"
"167","tt0111161","Sat Sep 17 00:00:00 2011","","","The Shawshank Redemption","Feature Film","Frank Darabont","10","9.3","142","1994","crime, drama","1284811","1994-09-10","http://www.imdb.com/title/tt0111161/"
"168","tt0443706","Sat Sep 17 00:00:00 2011","","","Zodiac","Feature Film","David Fincher","7","7.7","157","2007","crime, drama, mystery, thriller","220202","2007-03-02","http://www.imdb.com/title/tt0443706/"
"169","tt0063442","Sat Sep 17 00:00:00 2011","","","Planet of the Apes","Feature Film","Franklin J. Schaffner","6","8.0","112","1968","adventure, mystery, sci_fi","119292","1968-02-08","http://www.imdb.com/title/tt0063442/"
"170","tt0443680","Sat Sep 17 00:00:00 2011","","","The Assassination of Jesse James by the Coward Robert Ford","Feature Film","Andrew Dominik","5","7.6","160","2007","biography, crime, drama, history, western","117912","2007-09-02","http://www.imdb.com/title/tt0443680/"
"171","tt0117665","Sat Sep 17 00:00:00 2011","","","Sleepers","Feature Film","Barry Levinson","8","7.5","147","1996","crime, drama, thriller","135279","1996-10-18","http://www.imdb.com/title/tt0117665/"
"172","tt0063350","Sat Sep 17 00:00:00 2011","","","Night of the Living Dead","Feature Film","George A. Romero","3","8.0","96","1968","horror","73282","1968-10-01","http://www.imdb.com/title/tt0063350/"
"173","tt0092048","Sun Sep  4 00:00:00 2011","","","Tampopo","Feature Film","Jûzô Itami","7","7.9","114","1985","comedy","8248","1985-11-23","http://www.imdb.com/title/tt0092048/"
"174","tt0880502","Sun Sep  4 00:00:00 2011","","","The Edge of Heaven","Feature Film","Fatih Akin","8","7.9","116","2007","drama","23090","2007-05-23","http://www.imdb.com/title/tt0880502/"
"175","tt0125659","Sun Sep  4 00:00:00 2011","","","Open Your Eyes","Feature Film","Alejandro Amenábar","8","7.8","117","1997","drama, mystery, romance, sci_fi","45859","1997-12-19","http://www.imdb.com/title/tt0125659/"
"176","tt0361748","Sun Sep  4 00:00:00 2011","","","Inglourious Basterds","Feature Film","Quentin Tarantino","6","8.3","153","2009","adventure, drama, war","616962","2009-05-20","http://www.imdb.com/title/tt0361748/"
"177","tt0109830","Sun Sep  4 00:00:00 2011","","","Forrest Gump","Feature Film","Robert Zemeckis","8","8.8","142","1994","drama, romance","883449","1994-06-23","http://www.imdb.com/title/tt0109830/"
"178","tt0482571","Sun Sep  4 00:00:00 2011","","","The Prestige","Feature Film","Christopher Nolan","7","8.5","130","2006","drama, mystery, thriller","608244","2006-10-17","http://www.imdb.com/title/tt0482571/"
"179","tt0133093","Sun Sep  4 00:00:00 2011","","","The Matrix","Feature Film","The Wachowski Brothers, The Wachowski Brothers","9","8.7","136","1999","action, sci_fi","910686","1999-03-31","http://www.imdb.com/title/tt0133093/"
"180","tt0114814","Sun Sep  4 00:00:00 2011","","","The Usual Suspects","Feature Film","Bryan Singer","8","8.7","106","1995","crime, drama, thriller","565622","1995-01-25","http://www.imdb.com/title/tt0114814/"
"181","tt0110413","Sun Sep  4 00:00:00 2011","","","Léon: The Professional","Feature Film","Luc Besson","6","8.6","110","1994","crime, drama, thriller","543751","1994-09-14","http://www.imdb.com/title/tt0110413/"
"182","tt0086250","Sun Sep  4 00:00:00 2011","","","Scarface","Feature Film","Brian De Palma","8","8.3","170","1983","crime, drama","409595","1983-12-01","http://www.imdb.com/title/tt0086250/"
"183","tt0317248","Sun Sep  4 00:00:00 2011","","","City of God","Feature Film","Fernando Meirelles, Kátia Lund","10","8.7","130","2002","crime, drama","417846","2002-05-18","http://www.imdb.com/title/tt0317248/"
"184","tt0381061","Sun Sep  4 00:00:00 2011","","","Casino Royale","Feature Film","Martin Campbell","6","8.0","144","2006","action, adventure, thriller","362903","2006-11-14","http://www.imdb.com/title/tt0381061/"
"185","tt0075314","Sun Sep  4 00:00:00 2011","","","Taxi Driver","Feature Film","Martin Scorsese","5","8.4","113","1976","crime, drama","381506","1976-02-08","http://www.imdb.com/title/tt0075314/"
"186","tt0266697","Sun Sep  4 00:00:00 2011","","","Kill Bill: Vol. 1","Feature Film","Quentin Tarantino","8","8.2","111","2003","action, crime","551168","2003-10-10","http://www.imdb.com/title/tt0266697/"
"187","tt0118799","Sun Sep  4 00:00:00 2011","","","Life Is Beautiful","Feature Film","Roberto Benigni","10","8.6","116","1997","comedy, drama, romance","294445","1997-12-20","http://www.imdb.com/title/tt0118799/"
"188","tt0234215","Sun Sep  4 00:00:00 2011","","","The Matrix Reloaded","Feature Film","The Wachowski Brothers, The Wachowski Brothers","3","7.2","138","2003","action, sci_fi","358081","2003-05-07","http://www.imdb.com/title/tt0234215/"
"189","tt0075148","Sun Sep  4 00:00:00 2011","","","Rocky","Feature Film","John G. Avildsen","5","8.1","119","1976","drama, sport","267000","1976-11-21","http://www.imdb.com/title/tt0075148/"
"190","tt0034583","Sun Sep  4 00:00:00 2011","","","Casablanca","Feature Film","Michael Curtiz","7","8.6","102","1942","drama, romance, war","314529","1942-11-26","http://www.imdb.com/title/tt0034583/"
"191","tt0378194","Sun Sep  4 00:00:00 2011","","","Kill Bill: Vol. 2","Feature Film","Quentin Tarantino","8","8.0","137","2004","action, crime, thriller","408311","2004-04-16","http://www.imdb.com/title/tt0378194/"
"192","tt0117571","Sun Sep  4 00:00:00 2011","","","Scream","Feature Film","Wes Craven","7","7.2","111","1996","crime, horror, mystery","184169","1996-12-18","http://www.imdb.com/title/tt0117571/"
"193","tt0064116","Sun Sep  4 00:00:00 2011","","","Once Upon a Time in the West","Feature Film","Sergio Leone","6","8.7","175","1968","western","169184","1968-12-21","http://www.imdb.com/title/tt0064116/"
"194","tt0190590","Sun Sep  4 00:00:00 2011","","","O Brother, Where Art Thou?","Feature Film","Joel Coen","7","7.8","106","2000","adventure, comedy, crime, music","184760","2000-05-13","http://www.imdb.com/title/tt0190590/"
"195","tt0230600","Sun Sep  4 00:00:00 2011","","","The Others","Feature Film","Alejandro Amenábar","7","7.6","101","2001","drama, horror, mystery, thriller","226484","2001-08-02","http://www.imdb.com/title/tt0230600/"
"196","tt0071315","Sun Sep  4 00:00:00 2011","","","Chinatown","Feature Film","Roman Polanski","6","8.3","130","1974","drama, mystery, thriller","171364","1974-06-20","http://www.imdb.com/title/tt0071315/"
"197","tt0083987","Sun Sep  4 00:00:00 2011","","","Gandhi","Feature Film","Richard Attenborough","7","8.1","191","1982","biography, drama, history","131673","1982-11-30","http://www.imdb.com/title/tt0083987/"
"198","tt0109707","Sun Sep  4 00:00:00 2011","","","Ed Wood","Feature Film","Tim Burton","8","7.9","127","1994","biography, comedy, drama","127255","1994-09-23","http://www.imdb.com/title/tt0109707/"
"199","tt0404203","Sun Sep  4 00:00:00 2011","","","Little Children","Feature Film","Todd Field","8","7.6","136","2006","drama, romance","84399","2006-09-01","http://www.imdb.com/title/tt0404203/"
"200","tt1013753","Sun Sep  4 00:00:00 2011","","","Milk","Feature Film","Gus Van Sant","7","7.7","128","2008","biography, drama, history","114829","2008-10-28","http://www.imdb.com/title/tt1013753/"
"201","tt0307901","Sun Sep  4 00:00:00 2011","","","25th Hour","Feature Film","Spike Lee","8","7.7","135","2002","crime, drama","134355","2002-12-16","http://www.imdb.com/title/tt0307901/"
"202","tt0276919","Sun Sep  4 00:00:00 2011","","","Dogville","Feature Film","Lars Von Trier","8","8.0","178","2003","drama","91732","2003-05-19","http://www.imdb.com/title/tt0276919/"
"203","tt0168629","Sun Sep  4 00:00:00 2011","","","Dancer in the Dark","Feature Film","Lars Von Trier","8","8.0","140","2000","crime, drama, musical","66734","2000-05-17","http://www.imdb.com/title/tt0168629/"
"204","tt1032846","Sat Sep  3 00:00:00 2011","","","4 Months, 3 Weeks and 2 Days","Feature Film","Cristian Mungiu","8","7.9","113","2007","drama","39802","2007-05-17","http://www.imdb.com/title/tt1032846/"
"205","tt0185125","Sat Sep  3 00:00:00 2011","","","All About My Mother","Feature Film","Pedro Almodóvar","7","7.9","101","1999","drama","59706","1999-04-08","http://www.imdb.com/title/tt0185125/"
"206","tt0340377","Sat Sep  3 00:00:00 2011","","","The Station Agent","Feature Film","Tom Mccarthy","7","7.7","89","2003","comedy, drama","49118","2003-01-26","http://www.imdb.com/title/tt0340377/"
"207","tt0147612","Sat Sep  3 00:00:00 2011","","","Happiness","Feature Film","Todd Solondz","8","7.8","134","1998","comedy, drama","49119","1998-05-15","http://www.imdb.com/title/tt0147612/"
"208","tt0800369","Sat Sep  3 00:00:00 2011","","","Thor","Feature Film","Kenneth Branagh","6","7.0","115","2011","action, adventure, fantasy","378991","2011-04-21","http://www.imdb.com/title/tt0800369/"
"209","tt1285016","Sat Sep  3 00:00:00 2011","","","The Social Network","Feature Film","David Fincher","5","7.8","120","2010","biography, drama","360342","2010-09-24","http://www.imdb.com/title/tt1285016/"
"210","tt0335266","Sat Sep  3 00:00:00 2011","","","Lost in Translation","Feature Film","Sofia Coppola","6","7.8","101","2003","drama","271378","2003-08-29","http://www.imdb.com/title/tt0335266/"
"211","tt0327056","Sat Sep  3 00:00:00 2011","","","Mystic River","Feature Film","Clint Eastwood","7","8.0","138","2003","crime, drama, mystery, thriller","290156","2003-05-23","http://www.imdb.com/title/tt0327056/"
"212","tt0278504","Sat Sep  3 00:00:00 2011","","","Insomnia","Feature Film","Christopher Nolan","7","7.2","118","2002","crime, mystery, thriller","182263","2002-05-03","http://www.imdb.com/title/tt0278504/"
"213","tt0080678","Sat Sep  3 00:00:00 2011","","","The Elephant Man","Feature Film","David Lynch","7","8.2","124","1980","biography, drama","128655","1980-10-03","http://www.imdb.com/title/tt0080678/"
"214","tt0104257","Sat Sep  3 00:00:00 2011","","","A Few Good Men","Feature Film","Rob Reiner","8","7.6","138","1992","crime, drama, mystery, thriller","153904","1992-12-09","http://www.imdb.com/title/tt0104257/"
"215","tt0033467","Sat Sep  3 00:00:00 2011","","","Citizen Kane","Feature Film","Orson Welles","5","8.4","119","1941","drama, mystery","241595","1941-05-01","http://www.imdb.com/title/tt0033467/"
"216","tt0159097","Sat Sep  3 00:00:00 2011","","","The Virgin Suicides","Feature Film","Sofia Coppola","6","7.3","97","1999","drama, romance","97875","1999-05-19","http://www.imdb.com/title/tt0159097/"
"217","tt0420223","Sat Sep  3 00:00:00 2011","","","Stranger Than Fiction","Feature Film","Marc Forster","6","7.7","113","2006","comedy, drama, fantasy, romance","167531","2006-09-09","http://www.imdb.com/title/tt0420223/"
"218","tt1139328","Sat Sep  3 00:00:00 2011","","","The Ghost","Feature Film","Roman Polanski","7","7.3","128","2010","mystery, thriller","117119","2010-02-12","http://www.imdb.com/title/tt1139328/"
"219","tt0480025","Sat Sep  3 00:00:00 2011","","","This Is England","Feature Film","Shane Meadows","8","7.7","101","2006","crime, drama","87415","2006-09-12","http://www.imdb.com/title/tt0480025/"
"220","tt0419887","Sat Sep  3 00:00:00 2011","","","The Kite Runner","Feature Film","Marc Forster","7","7.6","128","2007","drama","61698","2007-10-05","http://www.imdb.com/title/tt0419887/"
"221","tt1232776","Sat Sep  3 00:00:00 2011","","","Fish Tank","Feature Film","Andrea Arnold","8","7.3","123","2009","drama","39419","2009-05-14","http://www.imdb.com/title/tt1232776/"
"222","tt0376968","Sat Aug 27 00:00:00 2011","","","The Return","Feature Film","Andrey Zvyagintsev","8","8.0","105","2003","drama, mystery, thriller","25983","2003-06-25","http://www.imdb.com/title/tt0376968/"
"223","tt0100150","Sat Aug 27 00:00:00 2011","","","Miller's Crossing","Feature Film","Joel Coen","6","7.9","115","1990","crime, drama, thriller","89970","1990-08","http://www.imdb.com/title/tt0100150/"
"224","tt0756683","Sat Aug 27 00:00:00 2011","","","The Man from Earth","Feature Film","Richard Schenkman","7","8.0","87","2007","drama, sci_fi","98017","2007-06-10","http://www.imdb.com/title/tt0756683/"
"225","tt0362269","Sat Aug 27 00:00:00 2011","","","Kinsey","Feature Film","Bill Condon","6","7.1","118","2004","biography, drama","39574","2004-09-04","http://www.imdb.com/title/tt0362269/"
"226","tt0457655","Sat Aug 27 00:00:00 2011","","","After the Wedding","Feature Film","Susanne Bier","7","7.8","120","2006","drama","20979","2006-02-24","http://www.imdb.com/title/tt0457655/"
"227","tt0250258","Sat Aug 27 00:00:00 2011","","","The Experiment","Feature Film","Oliver Hirschbiegel","7","7.8","120","2001","drama, thriller","67604","2001-03-07","http://www.imdb.com/title/tt0250258/"
"228","tt0137523","Sat Aug 27 00:00:00 2011","","","Fight Club","Feature Film","David Fincher","10","8.9","139","1999","drama","982647","1999-09-10","http://www.imdb.com/title/tt0137523/"
"229","tt0068646","Sat Aug 27 00:00:00 2011","","","The Godfather","Feature Film","Francis Ford Coppola","7","9.2","175","1972","crime, drama","887505","1972-03-15","http://www.imdb.com/title/tt0068646/"
"230","tt0169547","Sat Aug 27 00:00:00 2011","","","American Beauty","Feature Film","Sam Mendes","8","8.5","122","1999","drama","644959","1999-09-08","http://www.imdb.com/title/tt0169547/"
"231","tt0246578","Sat Aug 27 00:00:00 2011","","","Donnie Darko","Feature Film","Richard Kelly","7","8.1","113","2001","drama, mystery, sci_fi","460239","2001-01-19","http://www.imdb.com/title/tt0246578/"
"232","tt0144084","Sat Aug 27 00:00:00 2011","","","American Psycho","Feature Film","Mary Harron","7","7.6","102","2000","crime, drama","283969","2000-01-21","http://www.imdb.com/title/tt0144084/"
"233","tt0947798","Sat Aug 27 00:00:00 2011","","","Black Swan","Feature Film","Darren Aronofsky","6","8.0","108","2010","drama, mystery, thriller","446976","2010-09-01","http://www.imdb.com/title/tt0947798/"
"234","tt0119217","Sat Aug 27 00:00:00 2011","","","Good Will Hunting","Feature Film","Gus Van Sant","8","8.2","126","1997","drama","458385","1997-12-02","http://www.imdb.com/title/tt0119217/"
"235","tt0477348","Sat Aug 27 00:00:00 2011","","","No Country for Old Men","Feature Film","Ethan Coen, Joel Coen","7","8.2","122","2007","crime, drama, thriller","466404","2007-05-19","http://www.imdb.com/title/tt0477348/"
"236","tt0338013","Sat Aug 27 00:00:00 2011","","","Eternal Sunshine of the Spotless Mind","Feature Film","Michel Gondry","8","8.4","108","2004","drama, romance, sci_fi","511625","2004-03-19","http://www.imdb.com/title/tt0338013/"
"237","tt0457430","Sat Aug 27 00:00:00 2011","","","Pan's Labyrinth","Feature Film","Guillermo del Toro","7","8.3","118","2006","drama, fantasy, war","364792","2006-05-27","http://www.imdb.com/title/tt0457430/"
"238","tt0073486","Sat Aug 27 00:00:00 2011","","","One Flew Over the Cuckoo's Nest","Feature Film","Milos Forman","7","8.8","133","1975","drama","529944","1975-11-19","http://www.imdb.com/title/tt0073486/"
"239","tt0167404","Sat Aug 27 00:00:00 2011","","","The Sixth Sense","Feature Film","M. Night Shyamalan","8","8.2","107","1999","drama, mystery, thriller","553554","1999-08-02","http://www.imdb.com/title/tt0167404/"
"240","tt0268978","Sat Aug 27 00:00:00 2011","","","A Beautiful Mind","Feature Film","Ron Howard","8","8.2","135","2001","biography, drama","431051","2001-12-13","http://www.imdb.com/title/tt0268978/"
"241","tt0120382","Sat Aug 27 00:00:00 2011","","","The Truman Show","Feature Film","Peter Weir","7","8.0","103","1998","comedy, drama, sci_fi","496362","1998-06-01","http://www.imdb.com/title/tt0120382/"
"242","tt0050083","Sat Aug 27 00:00:00 2011","","","12 Angry Men","Feature Film","Sidney Lumet","7","8.9","96","1957","drama","322206","1957-04-10","http://www.imdb.com/title/tt0050083/"
"243","tt1182345","Sat Aug 27 00:00:00 2011","","","Moon","Feature Film","Duncan Jones","6","8.0","97","2009","drama, sci_fi","202179","2009-01-23","http://www.imdb.com/title/tt1182345/"
"244","tt0206634","Sat Aug 27 00:00:00 2011","","","Children of Men","Feature Film","Alfonso Cuarón","8","7.9","109","2006","drama, sci_fi, thriller","308151","2006-09-03","http://www.imdb.com/title/tt0206634/"
"245","tt1010048","Sat Aug 27 00:00:00 2011","","","Slumdog Millionaire","Feature Film","Danny Boyle, Loveleen Tandan","8","8.0","120","2008","drama, romance","511498","2008-08-30","http://www.imdb.com/title/tt1010048/"
"246","tt0119488","Sat Aug 27 00:00:00 2011","","","L.A. Confidential","Feature Film","Curtis Hanson","7","8.3","138","1997","crime, drama, mystery, thriller","339273","1997-05-14","http://www.imdb.com/title/tt0119488/"
"247","tt0118971","Sat Aug 27 00:00:00 2011","","","Devil's Advocate","Feature Film","Taylor Hackford","7","7.5","144","1997","drama, mystery, thriller","215162","1997-10-17","http://www.imdb.com/title/tt0118971/"
"248","tt0162222","Sat Aug 27 00:00:00 2011","","","Cast Away","Feature Film","Robert Zemeckis","5","7.7","143","2000","adventure, drama","305988","2000-12-07","http://www.imdb.com/title/tt0162222/"
"249","tt0497465","Sat Aug 27 00:00:00 2011","","","Vicky Cristina Barcelona","Feature Film","Woody Allen","8","7.2","96","2008","drama, romance","159228","2008-05-17","http://www.imdb.com/title/tt0497465/"
"250","tt0449467","Sat Aug 27 00:00:00 2011","","","Babel","Feature Film","Alejandro González Iñárritu","7","7.5","143","2006","drama","209023","2006-05-23","http://www.imdb.com/title/tt0449467/"
"251","tt0414993","Sat Aug 27 00:00:00 2011","","","The Fountain","Feature Film","Darren Aronofsky","7","7.4","96","2006","drama, romance, sci_fi","164369","2006-09-04","http://www.imdb.com/title/tt0414993/"
"252","tt0274558","Sat Aug 27 00:00:00 2011","","","The Hours","Feature Film","Stephen Daldry","7","7.6","114","2002","drama","87877","2002-12-18","http://www.imdb.com/title/tt0274558/"
"253","tt0265459","Sat Aug 27 00:00:00 2011","","","One Hour Photo","Feature Film","Mark Romanek","6","6.8","96","2002","drama, thriller","88008","2002-01-13","http://www.imdb.com/title/tt0265459/"
"254","tt0266308","Sat Aug 27 00:00:00 2011","","","Battle Royale","Feature Film","Kinji Fukasaku","7","7.8","114","2000","drama, thriller","119253","2000-12-16","http://www.imdb.com/title/tt0266308/"
"255","tt0181865","Sat Aug 27 00:00:00 2011","","","Traffic","Feature Film","Steven Soderbergh","6","7.7","147","2000","crime, drama, thriller","154309","2000-12-27","http://www.imdb.com/title/tt0181865/"
"256","tt1019452","Sat Aug 27 00:00:00 2011","","","A Serious Man","Feature Film","Ethan Coen, Joel Coen","10","7.0","106","2009","comedy, drama","84572","2009-09-12","http://www.imdb.com/title/tt1019452/"
"257","tt1305806","Sat Aug 27 00:00:00 2011","","","The Secret in Their Eyes","Feature Film","Juan José Campanella","8","8.3","129","2009","drama, mystery, thriller","90490","2009-08-13","http://www.imdb.com/title/tt1305806/"
